timestamp;title;descr;link_href;link_desc;descr2
02-10-2020 16:18;10 theaters en concertzalen mogen 250 bezoekers ontvangen;10 culturele instellingen in onze regio krijgen toestemming om maximaal 250 bezoekers per programma te ontvangen in plaats van 30, zoals voor de rest van de cultuursector geldt. Ze moeten uiteraard wel voldoen aan alle bestaande RIVM-richtlijnen. Dat heeft de Veiligheidsregio Amsterdam-Amstelland besloten.;;;
29-02-2020 13:08;2 contacten testten positief voor COVID-19;Vannacht testten directe contacten van de patiënt in Diemen positief voor het nieuwe coronavirus. Doordat het contactonderzoek van de GGD Amsterdam meteen werd opgestart na het vinden van de eerste patiënt, werden deze nieuwe patiënten snel gevonden. Ook van deze nieuwe patiënten worden alle contacten nu in kaart gebracht.;;;De GGD Amsterdam benaderde gisteren contacten van de patiënt die in Diemen in thuisisolatie verblijft. Omdat sommige van deze contacten klachten hadden die kunnen duiden op COVID-19 werden zij in isolatie geplaatst en getest op aanwezigheid van het virus. Zij mochten het huis ondertussen dus niet verlaten. De partner en het jongste kind van de patiënt die in Diemen in thuisisolatie zit testten positief voor het virus. Ook zij verblijven nu in thuisisolatie. De resultaten van andere geteste contacten van deze patiënt waren allemaal negatief. Bij hen is het virus dus niet aangetoond. De partner is ook in Lombardije geweest.De komende 13 dagen moeten de contacten van de eerste patiënt hun gezondheid in gaten houden. Mochten zij klachten krijgen die passen bij COVID-19 (koorts en luchtwegklachten), dan worden zij ook getest.
02-04-2020 22:33;Aanpassing noodverordening;Aangepaste noodverordening (PDF, 5,4 MB), vanwege aanvullende maatregel van het kabinet om sanitaire voorzieningen te sluiten op onder andere campings, vakantieparken en jachthavens.;;;
06-05-2020 20:14;Aanpassingen maatregelen coronavirus;Het kabinet heeft vandaag het pakket aan maatregelen met betrekking tot het coronavirus aangepast. U vindt deze op de website van de Rijksoverheid en in het stappenplan.;;;De Veiligheidsregio Amsterdam-Amstelland werkt de komende dagen aan de uitwerking van de nieuwe aanpassingen. Zodra die klaar zijn, kunt u ze hier lezen.
19-05-2020 19:39;Aanpassingen maatregelen coronavirus;Vandaag is het pakket aan maatregelen met betrekking tot het coronavirus aangepast. De versoepelingen per 1 juni die twee weken geleden werden aangekondigd, worden doorgezet en uitgewerkt. Informatie over over de laatste aanpassingen vindt u op de website van de Rijksoverheid. De Veiligheidsregio Amsterdam-Amstelland werkt de komende dagen aan de uitwerking van de nieuwe aanpassingen. Zodra die klaar zijn, kunt u ze hier lezen.;;;
24-06-2020 19:27;Aanpassingen maatregelen coronavirus;Vandaag heeft het kabinet bekendgemaakt hoe de maatregelen met betrekking tot het coronavirus per 1 juli worden aangepast. Deels gaat het om eerder aangekondigde versoepeling, deels om verdergaande verruiming van de regels. Informatie over de laatste aanpassingen vindt u op de website van de Rijksoverheid. De Veiligheidsregio Amsterdam-Amstelland werkt de komende dagen aan de uitwerking van de nieuwe aanpassingen in de noodverordening. Zodra die klaar zijn, kunt u ze hier lezen.;;;
16-09-2020 14:02;Aanpassingen noodverordening: maatregelen verlengd;De noodverordening van de Veiligheidsregio Amsterdam-Amstelland is op enkele punten aangepast:;;;Dit zijn allemaal wijzigingen conform landelijk beleid. Tot slot is het artikel over het mondkapjesexperiment op drukke plekken eruit gehaald.
21-08-2020 16:29;Aanpassingen noodverordening: Meldplicht en ontheffing;Noodverordening Covid-19 Amsterdam-Amstelland van 21 augustus 2020;;;
05-08-2020 16:18;Aantal coronabesmettingen neemt toe;Er raken in Amsterdam weer meer mensen besmet met het coronavirus. Afgelopen week had zo'n 5% van de bezoekers van de teststraat een positieve uitslag. De week daarvoor was dat slechts 2%. Dat vinden we zorgelijk. Uit bron- en contactonderzoek blijkt dat mensen het virus vaak oplopen op feesten, bij vrienden of familie thuis en in de horeca. We vragen u daarom met klem: houd u aan de coronaregels! Blijf thuis bij klachten en maak een afspraak voor een coronatest. Meer op Aantal coronabesmettingen in Amsterdam neemt toe;;;
21-05-2020 20:02;Aantal plekken te druk op Hemelvaartsdag;Vanwege het mooie weer trokken veel mensen eropuit. Hierdoor werd het in de populaire parken soms te druk. Handhaving en politie kwamen in actie bij een aantal parken aan het water. Zij  vroegen bezoekers weg te gaan bij Somerlust aan de Amstel, Bogortuin op het Java-eiland, het Marineterrein en bij de Gaasperplas. In het Vondelpark waren vanaf de middag alleen de hoofdingangen open en bezoekers werden tot 19.00 uur gedoseerd toegelaten.;;;Burgemeester Halsema roept Amsterdammers op zich aan de regels te houden. “Het blijft - ook met mooi weer- echt nodig om afstand te houden en drukte te vermijden. We kunnen alleen samen de druk op de zorg verminderen. Mensen moeten daarbij zelf hun verantwoordelijkheid nemen, drukte vermijden en 1,5 meter afstand houden.” De meeste Amsterdammers houden zich daar goed aan.
27-03-2020 20:14;Aantallen besmettingen in Amsterdam;Op verschillende plekken gaan berichten rond dat het aantal besmettingen in Amsterdam groter is dan in andere delen van het land. Amsterdam is de grootste stad van Nederland dus in absolute aantallen heeft de stad al snel het grootste aantal besmettingen.;;;Als je kijkt naar de cijfers gecorrigeerd voor het inwonertal, zie je dat we als stad zeker niet in de top zitten. Het RIVM hanteert 6 klassen en Amsterdam zit in de derde van onderen (25 tot 50 positief getesten per 100.000 inwoners). Zie ook de labels op de kaart van het RIVM.Veel van deze mensen werken in de zorg. De GGD Amsterdam-Amstelland heeft een groot aantal ziekenhuizen in zijn werkgebied, waarvan veel medewerkers in de regio Amsterdam wonen. Voor zorgmedewerkers is het testbeleid anders: zij worden laagdrempeliger getest, vooral om de zorgcontinuïteit te kunnen borgen en de kwetsbare patiënten goed te beschermen. Dat betekent dus ook dat er meer mensen getest worden in deze regio dan in andere regio’s.
21-08-2020 15:32;Aanwijzingsbesluit verboden locaties Amsterdamse Bos 20-08-2020;Delen van het Amsterdamse Bos zoals gemarkeerd op de plattegrond in de bijlage worden aangewezen als gebied waar een ieder verboden is zich te bevinden tussen 0.00 uur en 6.00 uur. Dit verbod is niet van toepassing op bewoners van woningen die zijn gelegen in het aangewezen gebied of personen die in dit gebied de noodzakelijke werkzaamheden verrichten.;;;Aanwijzingsbesluit verboden locaties Amsterdamse Bos 20-08-2020
16-03-2020 15:55;Afvalinzameling meer gespreid over de dag;Vanwege de richtlijn om werktijden zoveel mogelijk te spreiden, passen we vanaf maandag 16 maart de tijden van de afvalinzameling aan. De inzameling start om 06.00 uur in plaats van 07.00 uur en gaat tot uiterlijk 20.00 uur door. Dit kan ’s ochtends vroeg voor wat geluidsoverlast zorgen. Het is een preventieve maatregel om de gezondheid van de medewerkers te waarborgen en zo uw afval te kunnen blijven ophalen. Deze maatregel is in ieder geval tot 6 april van kracht. U kunt helpen uw buurt schoon te houden door geen afval naast de container te plaatsen.;;;
03-04-2020 16:49;Amsterdam beperkt toegang tot grachten en parken;Het eerste lenteweekend komt eraan, toch blijft de dringende oproep: blijf zoveel mogelijk thuis en ga alleen naar buiten voor een boodschap of een klein ommetje en niet om te recreëren. Zoek geen drukke plekken op zoals parken en pleinen en houd altijd minimaal 1,5 meter afstand. Zie ook:  Amsterdam beperkt toegang tot grachten en parken;;;
30-07-2020 17:47;Amsterdam bereidt zich voor op druk weekend;Amsterdam heeft een druk weekend voor de boeg. De traditionele botenparade die normaal gesproken dit weekend zou plaatsvinden, gaat niet door, en er zijn ook geen andere Pride feesten. Maar het wordt mooi weer én er is een Pride-demonstratie aangekondigd. Daarom nemen we extra maatregelen op plekken in de stad waarvan we verwachten dat het er druk zal zijn.;;;Meer over de extra maatregelen
01-04-2020 17:22;Amsterdam opent extra sporthal voor daklozenopvang;Amsterdam opent op 3 april opnieuw een sporthal voor de opvang van dak- en thuislozen. In deze sporthal in Amsterdam Nieuw-West is plek voor 100 personen die daar tussen 16.30 uur en 9.30 uur ’s ochtends kunnen verblijven. De omwonenden worden hier donderdagmiddag per brief over geïnformeerd.;;;Meer informatie over deze maatregel
28-03-2020 09:12;Amsterdam opent opvangplekken voor dak- en thuislozen;Amsterdam opent de komende dagen 250 opvangplekken voor dak- en thuislozen in de stad. 100 hiervan zijn extra opvangplekken die worden ingericht in een sporthal in Amsterdam-West. Bij 150 van de 250 plekken gaat het om bestaande plekken die over meerdere locaties verdeeld worden om het risico op besmetting met corona zoveel mogelijk te minimaliseren. Bovenop de 250 plekken komen nog 23 plekken voor gezinnen die nu op een andere locatie opgevangen worden.;;;Meer informatie over de 250 opvangplekken.
30-03-2020 15:41;Amsterdam stelt laptops beschikbaar voor thuisonderwijs;We stellen laptops en wifi-hotspots beschikbaar aan leerlingen die thuis niet beschikken over de juiste middelen om onderwijs op afstand te volgen. Zo kunnen ook deze leerlingen op een goede manier thuisonderwijs volgen en contact houden met hun docenten en klasgenoten.;;;Meer informatie over deze maatregel
14-05-2020 16:12;Amsterdammer en ambtenaar gescheiden door plexiglas;We willen Amsterdammers en ambtenaren beschermen tegen het coronavirus. Naast alle bestaande richtlijnen, komt er nu een extra maatregel bij: plexiglas achter (of voor, het is maar hoe u het bekijkt) de gemeentelijke balies.;;;Meer over deze maatregel
22-03-2020 08:42;Amsterdamse Bos: ga niet naar Bloesempark;De Veiligheidsregio let vandaag extra op bij het Bloesempark in het Amsterdamse bos in Amstelveen. Daar staan informatieborden en hekken, maar ook hier lijken veel bezoekers zich niet aan het advies voor 1,5 meter afstand van het RIVM te houden. Als de situatie daar vandaag niet verbetert dan zal het bestuur van de Veiligheidsregio het Bloesempark sluiten voor publiek.;;;Om te zorgen dat iedereen in het Bloesempark op een veilige afstand van 1,5 meter van elkaar kan wandelen, wordt de toegang gereguleerd en staan er hekken voor de ingang voor als het te druk wordt.Het Amsterdamse Bos adviseert bezoekers met klem het Bloesempark te mijden en op andere plekken in het Bos te wandelen.Het Amsterdamse Bos is bijna 20 keer zo groot als het Vondelpark. Er is ruimte genoeg om te genieten van de natuur.
23-04-2020 16:30;Barbecuen in het Amsterdamse Bos voorlopig niet toegestaan;Het Amsterdamse Bos staat barbecueën voorlopig niet toe, om drukte te voorkomen. Wie barbecuet, is langer buiten dan het ommetje of de frisse neus die de Rijksoverheid voorschrijft. Beperk uw verblijfsduur. Zo voorkomen we verdere verspreiding van het coronavirus.;;;Bezoekt u het bos, houd dan rekening met het volgende:De landelijke richtlijnen gelden ook in het bos: houd 1,5 meter afstand, vermijd groepen, schud geen handen, hoest en nies in uw elleboog en gebruik papieren zakdoekjes.
17-04-2020 09:36;Bekendmaking Aanwijzingsbesluit verboden gebied Amsterdamse grachten resterende weekenden in april 2020;Aanwijzingsbesluit verboden gebied Amsterdamse grachten resterende weekenden in april 2020;;;
10-04-2020 17:37;Bekendmaking aanwijzingsbesluit verboden gebieden en locaties;Het bestuur van de veiligheidsregio Amsterdam-Amstelland heeft plekken aangewezen die gesloten zijn voor publiek. Het zijn vooral sportlocaties in de openbare ruimte. In het aanwijzingsbesluit staan de verboden gebieden en locaties.;;;
04-04-2020 14:07;Bekendmaking aanwijzingsbesluiten;;;;
30-10-2020 14:35;Bekendmaking Besluit tijdelijk verbod op straatartiesten en -muzikanten;;https://www.amsterdam.nl/nieuws/nieuwsoverzicht/coronavirus/besluit-tijdelijk-verbod-straatartiesten/;Besluit tijdelijk verbod op straatartiesten en -muzikanten 28 oktober 2020;
30-10-2020 14:35;Bekendmaking Besluit tijdelijk verkoopverbod alcohol voor detailhandel, cafetaria’s en slijterijen;;https://www.amsterdam.nl/nieuws/nieuwsoverzicht/coronavirus/tijdelijk-verkoopverbod-alcohol-28102020/;Besluit tijdelijk verkoopverbod alcohol voor detailhandel, cafetaria’s en slijterijen van 28 oktober 2020;
16-03-2020 21:22;Bekendmaking: noodverordening;Noodverordening zoals vastgesteld door de voorzitter van de veiligheidsregio (PDF, 1,2 MB), met daarin de uitvoering van de recente maatregelen van het kabinet.;;;
15-05-2020 17:11;Bekendmaking: intrekking van de aanwijzing van de Amsterdamse grachten als verboden gebied.;;;;
15-05-2020 17:12;Bekendmaking: Vrijstelling Markten Noodverordening COVID-19;;;;
01-05-2020 09:32;Bekendmaking: Aanwijzingsbesluit verboden gebied Amsterdamse grachten;Aanwijzingsbesluit verboden gebied Amsterdamse grachten d.d. 29 april 2020;;;
03-05-2020 14:04;Bekendmaking: Aanwijzingsbesluit verboden gebied Dam en omgeving;Aanwijzingsbesluit Dam als verboden gebied d.d. 3 mei 2020: 4 mei 2020.;;;
21-07-2020 11:53;Besluit tijdelijk verbod op straatartiesten en -muzikanten;Per 17 juli is er een tijdelijk verbod op straatartiesten en straatmuzikanten ingegaan. Het verbod geldt voor het gebied op de kaart, zie hiervoor het besluit. Dit is een gewijzigd besluit, het besluit dat we op 17 juli hebben gepubliceerd komt te vervallen.;;;
23-07-2020 13:15;Besluit verbod op de verkoop van alcohol in winkels in het Wallengebied;In het Wallengebied geldt vanaf dit weekend een verbod op de verkoop van alcohol in winkels. Het verbod geldt voor het gebied op de kaart (zie het besluit) op donderdag tot en met zondag, van 16.00 uur tot na middernacht.;;;
24-04-2020 20:09;Besmettingen regio Amsterdam-Amstelland;Alle cijfers over de besmettingen, ziekenhuisopnames en overledenen in de gemeenten in de regio Amsterdam-Amstelland vindt u op de website van het RIVM.;;;Omdat het RIVM steeds uitgebreider per gemeente is gaan rapporteren en om mogelijke verschillen in de cijfers te voorkomen, stoppen wij met onze update van cijfers.
05-03-2020 15:54;Bevestiging besmetting met coronavirus in de regio Amsterdam op 5 maart 2020;In Amstelveen is een persoon besmet met het coronavirus. Het gaat om een persoon die in een risicogebied is geweest, werkzaam is bij het OLVG en na terugkomst nog 4 dagen gewerkt heeft in het OLVG locaties Oost en West. Dit is woensdag 4 maart al door het OLVG naar buiten gebracht. De persoon verblijft in thuisisolatie. De GGD en het OLVG zijn gestart met contactonderzoek en brengen iedereen in kaart en op de hoogte die met deze persoon in contact is geweest. De GGD doet contactonderzoek onder privécontacten, het OLVG doet dat voor contacten in het ziekenhuis.;;;Vanmiddag werd bekend dat er nog iemand besmet is met het virus in Amsterdam. Het gaat om een persoon die besmet is door contact met een van de eerder bevestigde patiënten elders in Nederland. Deze persoon maakte onderdeel uit van het contactonderzoek rondom die patiënt. De persoon is preventief thuisgebleven en heeft daarom weinig contact gehad met anderen. De persoon verblijft nu in thuisisolatie en de GGD heeft het contactonderzoek afgerond.
18-08-2020 19:14;Bijenkorf Amsterdam gesloten vanwege coronabesmettingen;Bij de Bijenkorf in Amsterdam zijn de afgelopen dagen meerdere coronabesmettingen geconstateerd. Op advies van de GGD heeft de voorzitter van de Veiligheidsregio Amsterdam-Amstelland besloten om de Bijenkorf voor ten hoogste 14 dagen te sluiten, vanaf woensdag 19 augustus. Iedereen die recent bij de Bijenkorf in Amsterdam was en klachten heeft, wordt dringend geadviseerd zich te laten testen.;;;
04-03-2020 15:35;Brief burgemeester Halsema;Burgemeester Halsema heeft een brief geschreven over het coronavirus in Amsterdam.;;;
12-03-2020 20:43;Brief burgemeester Halsema;Burgemeester Halsema heeft een tweede brief geschreven over het coronavirus in Amsterdam.;;;
29-09-2020 10:53;Brief burgemeester Halsema;Lees de brief van burgemeester Halsema van 29 september 2020 over de aanpak van het coronavirus in Amsterdam-Amstelland.;;;
16-10-2020 11:03;Brief burgemeester Halsema;Beste Amsterdammers,;;;Opnieuw beheerst corona ons leven. We hoopten het niet zo snel nóg een keer mee te maken, maar weer worden veel mensen ziek, weer moeten we zoveel mogelijk thuisblijven, weer zijn de horeca en sportverenigingen dicht.Lees meer: Brief burgemeester Halsema van 16 oktober 2020
24-03-2020 10:07;Brief burgemeester Halsema over aanpak coronavirus;Lees hier de brief van burgemeester Halsema over de aanpak van het coronavirus in Amsterdam-Amstelland van 24 maart 2020.;;;
26-03-2020 20:30;Brief burgemeester Halsema over aanpak coronavirus;Lees hier de brief van burgemeester Halsema over de aanpak van het coronavirus in Amsterdam-Amstelland van 26 maart 2020.;;;Noodverordening (PDF, 2,8 MB) zoals vastgesteld door de voorzitter van de veiligheidsregio, met daarin de uitvoering van de recente maatregelen van het kabinet. En het marktbesluit (PDF, 561 kB) van 26 maart
03-05-2020 18:44;Brief burgemeester Halsema over aanpak coronavirus;Lees hier de brief van burgemeester Halsema over de aanpak van het coronavirus in Amsterdam-Amstelland van 3 mei 2020.;;;
17-04-2020 11:15;Brief burgemeester Halsema over Koningsdag, Dodenherdenking en Bevrijdingsdag;Iedereen zal begrijpen dat deze evenementen en herdenkingen niet kunnen doorgaan in de vorm die we gewend zijn.;;;
17-03-2020 12:49;Brief en video burgemeester over aanpak coronavirus;Lees hier de brief van burgemeester Halsema van 17 maart 2020 over de aanpak van het coronavirus in Amsterdam-Amstelland. En bekijk de videoboodschap.;//player.vimeo.com/video/398210175?autoplay=1;player.vimeo;
01-04-2020 19:14;Coronacrisis treft Amsterdamse economie hard;De coronacrisis raakt de Amsterdamse economie hard. We hebben namelijk veel horeca, hotels, B&B’s, groothandels en Schiphol in de regio. De verwachting is dat de impact doorwerkt in andere sectoren.;;;Meer over het effect op de economie
21-04-2020 21:26;Coronamaatregelen verlengd;Het kabinet heeft vandaag (21 april) een verlenging van de coronamaatregelen aangekondigd. Tot en met 28 april veranderen de maatregelen niet. In de tussentijd werkt de Veiligheidsregio Amsterdam-Amstelland aan de uitwerking van de aangekondigde aanpassingen van de maatregelen na 28 april. Lees voor meer informatie de factsheet (PDF, 734 kB) van de Rijksoverheid. Houd voor actuele informatie deze website in de gaten.;;;
12-05-2020 14:39;Dam tot Dam evenementen gaan niet door;Het bestuur van sportorganisatie Le Champion heeft moeten besluiten dat de Dam tot Dam evenementen in 2020 niet door kunnen gaan.;;;Meer informatie over het afgelasten van de Dam tot Dam evenementen
08-04-2020 12:52;Dit jaar mogen supermarkten ’s avonds open op Goede Vrijdag;Goede Vrijdag, 10 april kunt u dit jaar op veel plekken tot 22.00 uur uw boodschappen doen. Dit is een uitzondering. Andere jaren sluiten winkels op Goede Vrijdag verplicht om 19.00 uur. Deze aangepaste winkeltijd voorkomt dat bezoekers vrijdagavond voor een gesloten deur komen te staan en dat het overdag te druk wordt. De avondopenstelling op Goede Vrijdag geldt voor alle supermarkten en winkels die levensmiddelen verkopen.;;;Supermarkten mógen geopend zijn, maar het hoeft niet. Ze kunnen dus zelf beslissen of ze tot 22.00 uur open blijven.
01-08-2020 10:05;Drie horecagelegenheden (deels) dicht vanwege coronabesmettingen;Bij drie Amsterdamse horecagelegenheden zijn deze week coronabesmettingen geconstateerd. Het gaat om In the City op het Kleine Gartmanplantsoen, No Rules op het Marie Heinekenplein en Zwart op de Dam.;https://www.ggd.amsterdam.nl/coronavirus/testen-corona/;een afspraak te maken voor een coronatest;
30-09-2020 15:49;Dringend advies: draag een mondkapje in publieke ruimten;Het kabinet heeft op maandagavond 28 september nieuwe landelijke maatregelen aangekondigd om het aantal coronabesmettingen terug te kunnen dringen. Het aantal besmettingen in de regio Amsterdam-Amstelland stijgt nog steeds heel erg hard. Dit baart ons enorme zorgen. Overal waar u binnenstapt in een ruimte die voor publiek toegankelijk is, geldt landelijk het dringende advies om vanaf 13 jaar een niet-medisch mondkapje te dragen.;;;Meer informatie
17-04-2020 18:15;Drukte op de afvalpunten;Bent u aan het opruimen en heeft u grofvuil? Breng dat dan naar één van de afvalpunten in de stad. Maar bereid u wel goed voor. Dan verloopt uw bezoek veilig en vlot.;;;Op Koningsdag zijn alle afvalpunten dit jaar open van 10.00 tot 16.00 uur.Bezoek aan afvalpunt voorbereiden
23-04-2020 18:34;Een gezonde en veilige Ramadan;Dit jaar ziet Ramadan er anders uit dan andere jaren. Op de pagina van de GGD over Ramadan en corona vind je meer informatie. Ook zijn hier meerdere filmpjes te zien. In deze filmpjes vertellen verschillende mensen over het corona-virus en over de Ramadan. Ook vertellen ze wat je kunt doen om gezond te blijven. Zo kun je goed op elkaar, en op jezelf letten. De films zijn beschikbaar in het Turks, Marokkaans-Arabisch en Berber.;;;
17-03-2020 15:30;Euro 2020 wordt verplaatst;;https://www.amsterdam.nl/toerisme-vrije-tijd/evenementen/euro-2020/;www.amsterdam.nl/euro2020;
14-08-2020 15:47;Extra controle op horeca- en feestlocaties;Het bestuur van de veiligheidsregio Amsterdam-Amstelland heeft besloten de handhaving en controle op Amsterdamse feest- en horecalocaties aan te scherpen. In Amsterdam stijgt het aantal besmettingen, die onder meer worden opgelopen na bezoek aan horeca of feestjes, zoals bruiloften. Veel horeca volgen de coronamaatregelen goed op, maar er zijn ook signalen dat sommige horecaondernemers zeer bewust de regels overtreden. Dat doen zij bijvoorbeeld door telefoons te laten inleveren, gasten te vragen hun telefooncamera’s af te laten plakken of hun publiek te waarschuwen te gaan zitten als handhaving langskomt. Daarom zullen er meer controles in burger plaats gaan vinden. Bij constatering van feestende en dansende groepen, zal direct een last onder bestuursdwang worden opgelegd en wordt de locatie direct gesloten voor een periode van vier weken.;;;
25-03-2020 20:15;Extra maatregelen in Amsterdam;Het bestuur van de veiligheidsregio Amsterdam neemt extra maatregelen tegen de verspreiding van het coronavirus.  Deze gaan in op donderdag 26 maart 2020.;;;Op markten in de regio Amsterdam-Amstelland mogen alleen nog maar kramen staan waar levensmiddelen worden verkocht. Markten blijven daarmee een belangrijk onderdeel van de voedselvoorziening. Kramen waar non-food wordt verkocht verdwijnen tijdelijk van de markten zodat meer ruimte ontstaat: de overige kramen komen verder uit elkaar te staan en bezoekers kunnen meer afstand van elkaar nemen.In veel parken kunnen bezoekers vrij gebruik maken van openbare fitnesstoestellen. Onder normale omstandigheden zijn dat plekken waar mensen werken aan hun conditie, kracht en daarmee hun gezondheid. Nu zijn het plekken die de gezondheid kunnen schaden, omdat de toestellen niet worden schoongehouden en omdat de plekken waar de toestellen staan een aantrekkingskracht hebben op meerdere mensen tegelijk, zodat de afstand van 1,5 meter tussen personen een probleem wordt. De fitnessapparatuur wordt daarom afgesloten voor publiek.Ook voor deze plekken geldt dat deze onder normale omstandigheden bijzonder waardevol zijn voor onze inwoners. Sport verbroedert en houdt ons fit. Maar op basis van recente waarnemingen ziet het bestuur de voetbalkooien als een risico voor verspreiding van het coronavirus. Zowel overdag als er door te veel jongeren op een klein oppervlak wordt gevoetbald, maar ook ’s avonds als groepen er te dicht op elkaar rondhangen. De Cruyff Courts en voetbalkooien gaan daarom tijdelijk dicht.Alle sportvelden in onze regio zijn al sinds enkele weken gesloten vanwege de eerste serie maatregelen van het kabinet. Het bestuur van de Veiligheidsregio ziet ondanks deze sluiting dat inwoners in hun vrij tijd gebruik maken van deze velden. Omdat ook hier vaak te veel personen zich te dicht op elkaar bevinden zal de handhaving op deze plekken geïntensiveerd worden.Op plekken waar zorgen bestaan over aanhoudende drukte kan cameratoezicht worden ingesteld. Als het nodig is dan worden ook op die locaties aanvullende maatregelen genomen.
20-11-2020 19:00;Extra toezichthouders Noordermarkt;Amsterdam roept bezoekers van de Noordermarkt op om zich aan de coronamaatregelen te houden: 1,5 meter afstand en een maximale groepsgrootte van maximaal 4 personen. Toezichthouders spreken bezoekers erop aan als die de regels overtreden.;https://www.amsterdam.nl/nieuws/nieuwsoverzicht/oproep-bezoekers-noordermarkt/;Oproep bezoekers Noordermarkt: houd je aan de coronaregels;
08-12-2020 20:59;Geen versoepeling gedeeltelijke lockdown;Het kabinet handhaaft voorlopig de gedeeltelijke lockdown Er komen geen versoepelingen tijdens de feestdagen omdat het aantal coronabesmettingen te hoog blijft. Dat was de boodschap van de persconferentie van 8 december.;;;Dit betekent dat er thuis maximaal drie personen per dag op bezoek kunnen komen. De horeca blijft gesloten. Volwassenen sporten met maximaal 4 personen op anderhalve meter afstand. Er blijft een dringend advies om thuis te werken, tenzij het echt niet anders kan. En we reizen niet naar het buitenland, tenzij strikt noodzakelijk.Gedeeltelijke lockdown ook tijdens feestdagen
24-04-2020 17:37;Geen vrijmarkt of buurtborrels;;https://www.amsterdam.nl/toerisme-vrije-tijd/evenementen/koningsdag/;pagina van Koningsdag;
13-03-2020 18:34;Gemeentelijke sporthallen en –parken gesloten, gymzalen en zwembaden beperkt open;Gemeentelijke zwembaden blijven open tot een maximum van 90 bezoekers. Als die grens bereikt is, worden er geen nieuwe bezoekers meer toegelaten totdat er weer bezoekers vertrekken. Zwemlessen die vanuit de gemeente worden gegeven, vervallen. Schoolzwemmen gaat wel door.;https://www.amsterdam.nl/sport/;www.amsterdam.nl/sport;Gymzalen blijven enkel geopend voor gymnastiekonderwijs en naschoolse sportactiviteiten van maximaal 100 mensen.
28-05-2020 09:40;Gemeenteraad gaat weer fysiek vergaderen;In de komende raadsvergadering op 10 juni komen de raadsleden weer bij elkaar in de raadszaal. Hierbij worden uiteraard de RIVM-richtlijnen in acht genomen. Dit betekent onder andere dat iedereen minimaal 1,5 meter uit elkaar moet zitten. Hierdoor is er nog geen ruimte voor publiek, maar de vergadering wordt zoals gebruikelijk live uitgezonden via de website van de raad.;;;Meer over dit besluit
13-03-2020 11:10;Gemeentezaken online regelen;Moet u uw rijbewijs vernieuwen of wilt u een verhuizing doorgeven? Dat, en nog veel meer gemeentezaken kunt u thuis, vanachter de computer regelen. We vragen u dat komende periode zo veel mogelijk te doen.;;;Onze 7 Stadsloketten zijn wel gewoon open, maar kom voorlopig alleen naar het Stadsloket als dat echt noodzakelijk is. Bijvoorbeeld als u geen computer heeft of als u een afspraak heeft staan.
15-03-2020 16:28;GGD past overige dienstverlening aan;Dank voor uw begrip en medewerking.;https://www.ggd.amsterdam.nl/drugshulpverlening/drugstestservice/;Drugstestservice;
18-08-2020 20:35;Harder optreden tegen het coronavirus;De afgelopen maanden hebben we steeds meer ruimte gekregen. Om samen te zijn, te sporten, reizen, leuke dingen te doen en vakantie te vieren. Daar hebben we dankbaar gebruik van gemaakt. Helaas blijken veel mensen zich niet meer te houden aan de maatregelen die nog wél gelden, zoals 1.5 meter afstand houden van elkaar. Daardoor verspreidt het virus zich weer en zijn er nieuwe maatregelen nodig. Lees meer;;;
27-05-2020 14:59;Herstart inzameling bedrijfsafval;Omdat er veel bedrijven gesloten waren, zijn we 15 april gestopt met het inzamelen van bedrijfsafval. Alleen ondernemers die zich meldden, konden hun bedrijfsafval nog aanbieden. Er gaan inmiddels weer veel bedrijven open, dus gaan we ook weer inzamelen.;;;Bent u klant bij de bedrijfsinzameling van de Gemeente Amsterdam en biedt u weer afval aan? Meld dit dan via bedrijfsafval@amsterdam.nl. Dan starten we de dienstverlening binnen enkele dagen weer op. Geef in uw mail aan welke dienstverlening u van ons verwacht.Mocht u nog vragen hebben, dan kunt u contact opnemen via bedrijfsafval@amsterdam.nl.
21-03-2020 15:42;Houd 1,5 meter afstand;Door het mooie weer is het vandaag drukker op straat dan de afgelopen dagen. Ook in parken en op markten zijn veel mensen aanwezig. De markten zijn van belang voor onze voedselvoorziening, net als de supermarkten en andere winkels. Maar blijf alert op besmettingsgevaar! Houd daarom 1,5 meter afstand van elkaar.;;;
17-04-2020 17:44;Houd uw textiel voorlopig thuis;Door de coronacrisis kunnen we op dit moment de kleding uit textielcontainers niet sorteren. Ook zijn de grenzen veelal dicht en liggen bedrijven stil. Daardoor kan er wereldwijd niets met het ingezamelde textiel gedaan worden.;;;Houd uw textiel daarom voorlopig thuis.Lees wat u nog meer kunt doen met uw oude kleding
01-05-2020 12:40;Huurverhoging sportaccommodaties uitgesteld;Om sportverenigingen en -aanbieders in de coronacrisis tegemoet te komen, stellen we de huurverhoging voor sportaccommodaties uit tot volgend jaar.;;;
04-08-2020 21:36;Illegale feesten en grote groepen Keerkingspark;In verband met illegale feesten en grote groepen hangjongeren wordt het Keerkringpark in Amsterdam Noord verboden gebied tussen 21.00 en 07.00 uur.;;;
13-03-2020 13:43;In de stad gaat het noodzakelijke gemeentelijke werk gewoon door;We krijgen veel vragen over de Amsterdamse markten: die kunt u gewoon bezoeken.;;;
28-08-2020 16:00;Inventariseren evenementen voor 2021;Heeft u plannen om een groot evenement te organiseren in 2021? Meld uw plan dan vóór 1 oktober 2020.;;;De coronamaatregelen hebben grote invloed op bijeenkomsten en evenementen in Amsterdam. We weten nog niet hoe de situatie eruit zal zien in 2021 en of er mogelijkheden zullen zijn voor grote evenementen. Toch willen we vast inventariseren welke plannen organisatoren hebben voor 2021 voor grote evenementen, mocht de situatie het toelaten. Zo weten we tijdig wat het voorgenomen aanbod is en kunnen we beter inspelen op eventuele mogelijkheden. Meer informatie
04-03-2020 08:36;Jongste kind patiënt Diemen heeft het coronavirus niet;Het jongste kind van de patient in Diemen is toch negatief getest en heeft dus niet het coronavirus.;;;
17-12-2020 09:55;Kabinet scherpt regels aan: alle niet-essentiële winkels dicht;Het kabinet scherpt de ministeriële regeling over de detailhandel aan met ingang van donderdag 17 december. Een winkel mag alleen open zijn als die vóór de lockdown meer dan 70% van zijn omzet haalde uit de verkoop van levensmiddelen (eten en drinken), diervoeding of drogisterijartikelen. Onder drogisterijartikelen vallen zelfhulpgeneesmiddelen, schoonmaakmiddelen en persoonlijke verzorgingsartikelen, maar geen cosmetica en parfums.;https://www.amsterdam.nl/nieuws/nieuwsoverzicht/regels-winkels/;Meer over de aanscherping;
21-08-2020 16:29;Kleinschalige studentenbijeenkomsten op voorwaarden mogelijk;Introductieactivititeiten voor nieuwe studenten moeten zoveel mogelijk online worden gedaan, maar studentenverenigingen kunnen vanaf heden een ontheffing aanvragen op het verbod van fysieke samenkomsten. Er zijn strikte voorwaarden: de bijeenkomsten zijn kleinschalig, alcohol is verboden en het mag tot uiterlijk 22.00 uur.;;;Begin augustus besloot het Rijk tot een verbod op introductieweken. Wel kon een veiligheidsregio een ontheffing geven voor ‘kleinschalige op kennismaking, onderwijs of sport gerichte activiteiten waar geen alcohol wordt geschonken’. Veiligheidsregio Amsterdam-Amstelland heeft besloten deze ontheffing te verlenen, als aan bepaalde voorwaarden is voldaan. Het is een aanpassing in de Noodverordening die geldt vanaf vrijdag 21 augustus 2020.Dat kan op 3 manieren:Mail je ontheffingsaanvraag naar: hygiene@ggd.amsterdam.nlNoodverordening Covid-19 Amsterdam-Amstelland van 21 augustus 2020
03-04-2020 10:00;Kom in actie, steun de Voedselbank;"Bij Voedselbank Amsterdam raken de voorraden nu snel op. Help een Amsterdammer deze dagen door te komen. ""Kom in actie, steun de Voedselbank, zegt burgemeester Femke Halsema.";https://amsterdam.voedselbank.org/kom-in-actie/doneren/;Doneer aan de Voedselbank;
13-10-2020 19:23;Landelijke aanscherping maatregelen in strijd tegen coronavirus;In de persconferentie van dinsdag 13 oktober heeft het kabinet aangescherpte maatregelen aangekondigd om de verspreiding van het coronavirus in te dammen.;;;Informatie over de laatste aanpassingen en aangescherpte maatregelen vindt u op de website van de Rijksoverheid. Zodra de nieuwe noodverordening klaar is, kunt u die hier lezen.
03-04-2020 18:00;Laptops en wifi voor verbinding met de wereld;Amsterdam gaat 1.000 opgeknapte laptops beschikbaar stellen aan kwetsbare Amsterdammers. De laptops zijn bedoeld voor onder andere ouderen en statushouders met een laag inkomen, die door de maatregelen tegen het coronavirus dreigen te vereenzamen.;;;Lees het hele bericht over de laptopactie
24-04-2020 17:37;Maatregelen in het weekend;Ook voor dit weekend blijft de oproep om zoveel mogelijk thuis te blijven van kracht. Ga alleen naar buiten voor een boodschap of een ommetje in de buurt en houd altijd minimaal 1,5 meter afstand tot elkaar. Politie en handhaving monitoren ook dit weekend de drukke plekken in de stad. Wie zich niet aan de regels houdt, riskeert een boete van 390 euro.;;;
12-03-2020 16:38;Maatregelen vanuit de Rijksoverheid;Lees op de website van de Rijksoverheid de laatste maatregelen tegen verspreiding van het coronavirus.;;;
24-04-2020 17:37;Markten en vaarverbod;Een aantal markten zijn iets anders opgesteld, zodat er meer ruimte is voor bezoekers om voldoende afstand te houden tijdens het boodschappen doen. Het vaarverbod voor de grachten in het centrum gaat zaterdagochtend weer in en geldt ook op Koningsdag.;;;
22-03-2020 09:35;Markten: extra maatregelen;De veiligheidsregio Amsterdam-Amstelland neemt extra maatregelen tegen de drukte op markten. Markten zijn van belang voor de voedselvoorziening van bewoners maar kunnen alleen openblijven als bezoekers zich aan de 1,5 meter afstand van het RIVM houden. De Veiligheidsregio doet daarom een dringend beroep op bezoekers en ondernemers.;;;Dit betekent dat markten waar meer dan 100 personen tegelijkertijd aanwezig zijn aan de volgende 8 voorwaarden moeten voldoen. Bij het niet naleven van deze voorwaarden zal een markt gesloten worden.We proberen stad en regio ondanks alle beperkende maatregelen zo leefbaar mogelijk te houden. Van iedereen wordt een bijdrage verwacht om het coronavirus een halt toe te roepen. Bovenstaande voorwaarden dragen daaraan bij. Ze gaan met onmiddellijke ingang in.
06-03-2020 16:39;Medewerker gemeente Amsterdam besmet met coronavirus;Het aantal besmettingen met het Coronavirus in Nederland is opgelopen tot 128, zo maakte het RIVM vrijdagmiddag bekend. Eén van hen is een medewerker van de gemeente Amsterdam, die buiten de gemeente woonachtig is, zo werd vrijdag duidelijk. Deze medewerker blijft volgens het protocol thuis en de GGD doet contactonderzoek met mensen die in contact met deze medewerker zijn geweest. Vanwege de privacy doet de gemeente als werkgever geen uitspraken over de identiteit van deze medewerker. Dat is ook niet nodig in het kader van besmettingsgevaar, omdat de mensen die in contact met deze persoon zijn geweest, dit van de GGD horen. Zij zullen worden opgenomen in het contactonderzoek en krijgen advies van de GGD.;;;
29-04-2020 18:23;Meer ruimte voor sporten en bewegen;Vanaf woensdag 29 april komt er meer ruimte voor kinderen en jongeren om buiten te sporten en te bewegen. Voor dat doel heeft het bestuur van de veiligheidsregio Amsterdam-Amstelland besloten een aantal locaties in de openbare ruimte open te stellen.;;;
14-08-2020 12:43;Melden van overtredingen;Er komen regelmatig op verschillende manieren meldingen van Amsterdammers bij ons binnen over overtredingen van de coronaregels. U kunt uw melding hier online doen.;;;
25-08-2020 17:40;Meldplicht voor feest met meer dan 100 bezoekers;Vanaf dinsdag 25 augustus is het in de regio Amsterdam-Amstelland verplicht om feesten en partijen op locatie te melden bij de betreffende gemeente als er meer dan 100 gasten komen. Denk aan locaties als feestzalen, musea en (party)boten.;;;Meer over de meldplicht
30-11-2020 20:57;Mondkapje verplicht;Vanaf dinsdag 1 december is het dragen van een mondkapje in publieke binnenruimten verplicht voor iedereen vanaf 13 jaar. Wie de regel niet naleeft, kan een boete krijgen van € 95,-.;;;De mondkapjesplicht geldt in het hele land in alle publieke binnenruimten, stationsgebouwen en luchthavens. Publieke binnenruimten zijn bijvoorbeeld winkels, musea, benzinestations, restaurants, cafés, theaters en concertzalen. Maar ook op perrons en OV-haltes is het dragen van een mondkapje voor iedereen van 13 jaar en ouder verplicht. Meer informatie: www.Rijksoverheid.nl/mondkapjes
30-07-2020 17:08;Mondkapje verplicht in delen van Amsterdam;Vanaf woensdag 5 augustus is het in delen van de stad verplicht om een mondkapje te dragen. Het gaat om gebieden waar het krap en druk is en waar andere maatregelen onvoldoende uitwerking hebben gehad of leiden tot ongewenste economische effecten. De mondkapjesverplichting is een experiment en komt niet in de plaats van de 1,5 meter regel.;;;Meer over deze maatregel
23-10-2020 16:40;Na 20.00 uur geen alcohol meer in hotelbar, -restaurant en roomservice;Volgens de aangescherpte regels die op 14 oktober ingingen, mogen hotels open blijven en voor hun gasten ook hun eet- en drinkgelegenheid open houden. Daarbij was het aanvankelijk mogelijk om alcohol te schenken na 20.00 uur. Dit leidde in sommige gevallen tot verwarring en we zagen dat mensen hier misbruik van maakten, met de nodige overlast tot gevolg.;;;Daarom trekt de Rijksoverheid nu één lijn. Het kabinet heeft op vrijdag 23 oktober besloten om, in lijn met het verbod tot verkoop van alcohol tussen 20.00 uur en 07.00 uur, hetzelfde te laten gelden voor alle hotels.Dit betekent dat hotels vanaf vandaag, vrijdag 23 oktober 2020, geen alcohol meer mogen schenken tussen 20.00 en 7.00 uur.Na 20.00 uur mag er geen alcohol meer op tafel staan in restaurant of bar. Ook mag roomservice na dit tijdstip geen alcoholische drank meer brengen.Eerder vandaag is de horeca-branche van deze aanscherping van de maatregelen op de hoogte gebracht.
04-03-2020 15:04;Nieuw bevestigd geval van het coronavirus in Amsterdam;Er is een nieuwe besmetting in Amsterdam. Het gaat om een man die in de regio Lombardije is geweest en preventief is thuisgebleven na terugkomst. De GGD is gestart met het contactonderzoek in zijn directe omgeving. Omdat hij preventief thuis bleef, is hij niet met veel mensen in aanraking geweest.;;;
04-11-2020 08:45;Nieuwe aanscherping coronamaatregelen;In de persconferentie van dinsdag 3 november heeft het kabinet opnieuw aangescherpte maatregelen aangekondigd per woensdag 4 november 22.00 uur om de verspreiding van het coronavirus in te dammen.;;;Meer over de aanscherping
09-03-2020 16:54;Nieuwe besmetting in regio Amsterdam;Er is een nieuwe besmetting in de regio Amsterdam bijgekomen. Het gaat om een inwoner van Amstelveen. Het onderzoek naar de bron van de besmetting van deze persoon is nog niet afgerond. Het contactonderzoek loopt en iedereen die met deze persoon in contact is geweest is in kaart gebracht en op de hoogte gesteld.;;;Het totaal aantal positief geteste personen in de regio Amsterdam komt hiermee op 7. 1 persoon is inmiddels hersteld.
18-09-2020 20:05;Nieuwe coronamaatregelen Veiligheidsregio Amsterdam-Amstelland;Veiligheidsregio Amsterdam-Amstelland neemt nieuwe maatregelen om de verspreiding van het coronavirus in te dammen en kwetsbare groepen te beschermen. Door het sterk groeiend aantal besmettingen heeft de regio namelijk de alarmfase ‘zorgelijk’ bereikt. Lopende maatregelen worden bovendien aangescherpt.;;;
15-04-2020 15:31;Nieuwe coronateststraat aan Voormalige Stadstimmertuin;In een nieuwe teststraat van de GGD Amsterdam kan zorgpersoneel binnen 5 minuten worden getest op het coronavirus. Er kunnen rond de 120 (en als het nodig is meer) zorgprofessionals per dag gecontroleerd worden. Dat is meer dan een verdubbeling van de testcapaciteit voor zorgpersoneel in de regio Amsterdam.;;;Meer over deze maatregel
15-03-2020 19:07;Nieuwe maatregelen coronavirus;Namens het bestuur van de Veiligheidsregio Amsterdam-Amstelland roept voorzitter Femke Halsema alle bewoners en ondernemers in de regio op om de nieuwe maatregelen van de Rijksoverheid te volgen. Het zijn ingrijpende maatregelen met grote invloed op het openbare leven. We vragen veel van ouders met kinderen en veel lokale ondernemers gaan een moeilijke tijd tegemoet.;;;Het kabinet heeft bepaald dat scholen, kinderdagopvang, eet- en drinkgelegenheden (inclusief terrassen), coffeeshops, seksinrichtingen en sportclubs (gymzalen, zwembaden, sporthallen en –parken) dicht gaan.Eet- en drinkgelegenheden moeten vanaf 18.00 uur dicht. Daaronder vallen ook coffeeshops. Hotels zijn open voor overnachtingen maar mogen alleen eten serveren aan eigen gasten. In afwachting van een beslissing van de Rijksoverheid kunnen eet- en drinkgelegenheden in de regio Amsterdam-Amstelland vanavond wel voldoen aan de vraag naar afhaal en bezorging: de keukens kunnen openblijven, maar de zitgelegenheden niet. Na overleg met de Rijksoverheid zal maandag worden besloten of afhaal en bezorging de komende weken mogelijk blijven.Scholen en kinderdagverblijven gaan maandag dicht. Zij voorzien alleen nog in de opvang van kinderen van ouders die werken in cruciale beroepsgroepen (zie de bijgevoegde lijst). Veel scholen zijn op dit moment actief in het benaderen van ouders met de vraag wie een cruciaal beroep heeft. Ouders met vragen wordt geadviseerd om contact op te nemen met het eigen kinderdagverblijf of de school.Deze maatregelen gelden in ieder geval tot en met 6 april.Tot slot vraagt het bestuur van de veiligheidsregio inwoners dringend om niet te hamsteren: het is niet nodig en levert wel nadeel en ongemak op voor andere inwoners.
28-09-2020 20:44;Nieuwe maatregelen: beperk sociaal contact;Het kabinet heeft op maandagavond 28 september nieuwe landelijke maatregelen aangekondigd om het aantal besmettingen met het coronavirus weer terug te dringen. De nieuwe maatregelen gaan in op dinsdag 29 september om 18.00 uur en gelden in ieder geval voor 3 weken. De maatregelen kunnen worden aangescherpt als deze niet het gewenste resultaat hebben. Het aantal besmettingen in de regio Amsterdam-Amstelland stijgt hard. We vragen u dringend om u verantwoordelijk te gedragen en te helpen deze crisis onder controle te krijgen.;;;
24-09-2020 10:49;Nieuwe testlocatie in Nieuw-West;Amsterdammers kunnen nu ook in de Plaza van het stadsdeelkantoor Nieuw-West (Tuinstadhuis) terecht voor een coronatest. Dit is de tweede testlocatie in Nieuw-West en de vijfde in Amsterdam.;;;Met het openen van testlocaties in de stadsdelen willen we het voor Amsterdammers makkelijk maken om zich te laten testen.Een coronatest kan alleen op afspraak worden gedaan. Een afspraak maken kan telefonisch via 0800-1202 of online via coronatest.nl.
07-11-2020 08:59;Noodverordening 7 november 09.00 uur;Vanaf 7 november 09.00 geldt deze noodverordening. Deze onderdelen zijn  aangepast:;;;
30-06-2020 20:50;Noodverordening per 1 juli;Het kabinet heeft aangekondigd dat de coronamaatregelen per 1 juli kunnen worden versoepeld. De regionale noodverordening van de Veiligheidsregio Amsterdam-Amstelland is hierop aangepast. De noodverordening biedt wettelijke bevoegdheden om op te kunnen treden als dat nodig is. Handhaving en politie delen alleen boetes uit als eerdere waarschuwingen niks opleveren en het echt niet anders kan. De belangrijkste basisregels blijven nog steeds gelden: houd 1,5 meter afstand, vermijd drukte, was regelmatig je handen, blijf thuis als je klachten hebt, werk thuis als dat kan en vermijd zoveel mogelijk de spits. Alleen als we ons allemaal aan de regels houden, geven we het coronavirus geen nieuwe kans, en blijft de stad en de regio steeds meer open gaan.;;;
31-05-2020 12:00;Noodverordening per 1 juni 2020;Het kabinet heeft aangekondigd dat de coronamaatregelen per 1 juni kunnen worden versoepeld. De regionale noodverordening van de Veiligheidsregio Amsterdam-Amstelland is hierop aangepast. De noodverordening biedt wettelijke bevoegdheden om op te kunnen treden, als dat nodig is. Handhaving en politie delen alleen boetes uit als eerdere waarschuwingen niks opleveren en het echt niet anders kan. De belangrijkste basisregels blijven gelden: houd 1,5 meter afstand, vermijd drukte, was regelmatig je handen, blijf thuis als je klachten hebt en werk thuis als dat kan. Alleen als we ons allemaal aan de regels houden, geven we het coronavirus geen nieuwe kans, en kunnen we de komende tijd steeds meer beperkende maatregelen schrappen.;;;
09-08-2020 13:26;Noodverordening per 10 augustus;In de persconferentie van donderdag 6 augustus heeft het kabinet een aantal extra maatregelen aangekondigd die Veiligheidsregio’s in kunnen zetten. Daarom is de noodverordening van de Veiligheidsregio Amsterdam-Amstelland aangepast op 3 punten:;;;De noodverordening biedt wettelijke bevoegdheden om op te kunnen treden als dat nodig is.
14-08-2020 18:35;Noodverordening per 14 augustus;Aanpassing in noodverordening is de bevoegdheid om gebieden aan te wijzen waar het verboden is geluidsapparatuur en muziekinstrumenten aanwezig te hebben (artikel 2.5b).;;;
14-10-2020 21:53;Noodverordening per 14 oktober 22.00 uur;Vanaf 14 oktober 22.00 uur gelden nieuwe, strengere maatregelen om het aantal coronabesmettingen terug te dringen. Daarom is de noodverordening van de Veiligheidsregio Amsterdam-Amstelland aangepast.;;;
15-07-2020 08:27;Noodverordening per 15 juli;De noodverordening die op 1 juli is ingegaan is op een aantal punten aangepast. De noodverordening biedt wettelijke bevoegdheden om op te kunnen treden als dat nodig is.;;;
15-06-2020 09:54;Noodverordening per 15 juni 2020;De noodverordening van de Veiligheidsregio Amsterdam-Amstelland is op 15 juni 2020 op een aantal punten aangepast. Gemeenschappelijke was-, toilet- en douchevoorzieningen bij recreatieparken, vakantieparken, kampeerterreinen, kampeerveldjes en jachthavens mogen per 15 juni weer open. Dat geldt ook voor kleed- en doucheruimtes in zwembaden en sportverenigingen. Daarnaast mogen bewoners van verpleeghuizen vanaf 15 juni weer meerdere bezoekers ontvangen. Hiervoor geldt wel als voorwaarde dat het verpleeghuis vrij is van coronabesmettingen en dat het bezoek 1,5 meter afstand houdt.;;;
18-11-2020 17:28;Noodverordening per 19 november 0.00 uur;In de persconferentie van 17 november heeft het kabinet een lichte versoepeling van de COVID-maatregelen aangekondigd. De maatregelen die vanaf 14 oktober van kracht waren, gelden weer. De noodverordening van de Veiligheidsregio Amsterdam-Amstelland is hierop aangepast.;;;
29-09-2020 17:30;Noodverordening per 29 september 18.00 uur;In de persconferentie van maandag 28 september heeft het kabinet een aantal extra maatregelen aangekondigd die de veiligheidsregio in kan zetten. Daarom is de noodverordening van de Veiligheidsregio Amsterdam-Amstelland aangepast op deze punten:;;;In de verordening zijn de nieuwe maatregelen opgenomen:Noodverordening COVID-19 Amsterdam-Amstelland 29 september
04-08-2020 17:44;Noodverordening per 4 augustus 2020;Vanaf woensdag 5 augustus 9.00 uur is het in delen van de stad verplicht om een mondkapje te dragen. Hier is de noodverordening op aangepast.;;;
04-11-2020 21:26;Noodverordening per 4 november 22.00 uur;Vanaf 4 november 22.00 uur gelden nieuwe strengere maatregelen om het aantal coronabesmettingen terug te dringen.;;;
09-04-2020 19:22;Noodverordening vaarverbod;Van vrijdag 10 april tot en met maandag 13 april geldt een vaarverbod in het hele centrum van Amsterdam, tot aan de Singelgracht en voor de Amstel tot aan de Amstelsluis.;;;
20-09-2020 13:30;Noodverordening Veiligheidsregio Amsterdam-Amstelland aangepast;Het Kabinet heeft in de persconferentie op vrijdag 18 september extra maatregelen aangekondigd voor 6 regio’s, die vanwege het hoge aantal besmettingen in de categorie ‘zorgelijk’ zijn ingedeeld. De noodverordening van de Veiligheidsregio Amsterdam-Amstelland is hierop aangepast.;;;
31-03-2020 16:19;Omroepbus is luid en duidelijk in vele talen;Er rijdt vanaf dinsdag 31 maart een speciale ‘omroepbus’ door de Amsterdamse wijken. Vanuit deze bus worden de regels over social distancing luid en duidelijk geroepen. En dat in heel veel talen. Vrijwel iedereen weet het: houd alstublieft minstens 1,5 meter van elkaar. Maar nu hoort u dat ook nog eens in het Engels, Spaans, Twi (Ghanees), Papiaments, Somalisch, Arabisch en Turks. En natuurlijk in het Nederlands.;;;Op de omroepbus rijdt een medewerker mee. Hij of zij zal, als dat nodig is, bewoners aanspreken en hen van informatie voorzien.De bus start dinsdag en woensdag in Zuidoost. Vervolgens rijdt hij door in andere stadsdelen. De bus blijft rijden, zolang als nodig is.Deze bus-actie is een aanvulling op de geschreven en digitale informatie vanuit de overheid. Bedoeld voor iedereen, maar vooral voor Amsterdammers die moeite hebben met de taal of met lezen.
18-08-2020 20:31;Ontwikkelingen COVID-19 Veiligheidsregio Amsterdam-Amstelland;Er is sprake van een forse toename van het aantal coronabesmettingen in onze regio. In onderstaande brief vindt u de recente stand van zaken en de maatregelen die de Veiligheidsregio Amsterdam-Amstelland de afgelopen weken heeft getroffen. Ook vindt u de stappen die wij de komende weken en maanden in goed overleg met het kabinet en het Veiligheidsberaad gezet kunnen worden als het aantal besmettingen blijft stijgen.;;;Deze brief bestaat uit drie delen:Brief ontwikkelingen COVID-19 Veiligheidsregio Amsterdam-Amstelland
25-04-2020 10:54;Oranje ondersteboven;We wensen jou een mooie Koningsdag thuiseditie!;//player.vimeo.com/video/411695026?autoplay=1;player.vimeo;
29-02-2020 16:42;Partner en jongste kind van de besmette vrouw in Diemen positief getest op het coronavirus;Vandaag is bekend geworden dat de partner en het jongste kind van de besmette vrouw in Diemen positief getest zijn op het coronavirus (COVID-19). De 2 andere kinderen van het gezin zijn niet besmet.;;;De GGD Amsterdam zet daarom het contactonderzoek dat gisteren al gestart was binnen de directe omgeving van de nieuwe patiënten voort. Alle contacten rondom de eerste Amsterdamse patiënt zijn in beeld. De GGD heeft hen gevraagd om hun gezondheidssituatie de komende 2 weken goed in de gaten te houden.Alle gezinsleden blijven de komende 2 weken in thuisisolatie. De kinderen die niet besmet zijn, zijn ondergebracht bij andere familieleden.Alle 3 de kinderen gaan dus niet naar school of kinderopvang. Voor de besmette patiënten is gelukkig geen aanleiding voor ziekenhuisopname.De GGD blijft in nauw contact met het gezin en de betrokken instanties.De GGD zorgt ook voor actieve informatie en communicatie met de leiding en de ouders van de kinderen van CompaNanny Atlas Arena en Laterna Magica
28-02-2020 19:22;Persconferentie;Naar aanleiding van de besmetting van een Amsterdammer met het coronavirus (COVID-19) is er vrijdag 28 februari om 19.30 uur een persconferentie. Tijdens deze bijeenkomst zullen Femke Halsema (burgemeester Amsterdam), Erik Boog (burgemeester Diemen), Yvonne van Duijnhoven (GGD) en Tijs van Lieshout (directeur Veiligheidsregio Amsterdam) een toelichting geven op de stand van zaken.;;;De GGD Amsterdam is op basis van de landelijke protocollen meteen het contactonderzoek in de directe omgeving gestart en heeft waar nodig testen afgenomen. De definitieve uitslag van de onderzoeken verwacht de GGD zaterdag 29 februari. Ook is de GGD in contact met de betrokken mensen en instanties rondom de vrouw. Verdere maatregelen in de gemeenten Diemen en Amsterdam zijn nu niet aan de orde. De veiligheidsregio Amsterdam-Amstelland blijft in nauw contact met het RIVM.
16-04-2020 16:51;Pride Amsterdam 2020 afgelast;Pride Amsterdam gaat dit jaar niet door vanwege de coronacrisis. Dat heeft het bestuur van de stichting Amsterdam Gay Pride (AGP) besloten.;;;Meer over dit besluit
03-06-2020 11:03;Raadsbrief n.a.v. demonstratie op 1 juni op de Dam;Burgemeester Halsema heeft namens de Veiligheidsregio Amsterdam-Amstelland een brief geschreven aan de gemeenteraad naar aanleiding van de demonstratie op de Dam op 1 juni.;;;Voor wie aanwezig was bij de demonstratie geldt:
02-04-2020 08:57;Riviercruiseschepen ‘geparkeerd’ bij PTA;Bij de Passenger Terminal Amsterdam biedt Haven Amsterdam ‘parkeerplekken’ aan 12 riviercruiseschepen, die uit de vaart zijn gehaald vanwege het coronavirus.;;;Meer over de geparkeerde riviercruiseschepen
22-04-2020 10:28;SAIL Amsterdam 2020 gaat niet door;SAIL Amsterdam 2020 gaat niet door. Met de nieuw aangekondigde coronamaatregelen, waaronder een verbod op grote evenementen tot 1 september, is het onmogelijk geworden om SAIL te organiseren. Daarom is de lastige beslissing genomen om SAIL pas weer te organiseren in 2025.;;;Meer over het afgelasten van SAIL 2020
04-11-2020 17:16;Seksclubs moeten sluiten;Seksclubs moeten sluiten van het Rijk. De Veiligheidsregio ziet prostitutieramen seksbioscopen, seksautomatenhallen, sekstheaters en stripclubs in dit geval ook als seksclubs. Deze moeten dus volgens de nieuwe maatregelen en de noodverordening vanavond om 22.00 sluiten.;;;Meer informatie over de maatregelen
24-04-2020 17:37;Sensoren meten drukte;Verder zijn ook dit weekend en op Koningsdag de meeste zij-ingangen van het Vondelpark gesloten. Dat doen we om de drukte beter te kunnen controleren. Aanvullend hierop hangen sinds 24 april in het Vondelpark en de Albert Cuypstraat sensoren die de verkeersstromen monitoren (Crowd Monitoring Systeem Amsterdam, CMSA).;;;Mocht het ergens te druk worden, dan kunnen we extra maatregelen nemen, zoals (gedeeltelijke) afsluiting of het instellen van eenrichtingsverkeer. Het CMSA is een bestaand systeem en gebruiken we ook op de Wallen, busstation Amsterdam Centraal, IJ-veren, Kalverstraat en tijdens grote evenementen zoals Sail en de Toppers.
21-08-2020 10:49;Sluiting horecagelegenheden;Per direct zijn twee horecagelegenheden gesloten. Het gaat om café Reality aan de Reguliersdwarsstraat en uitgaansgelegenheid LoFi aan de Basisweg. De sluiting geldt voor minimaal vier weken op grond van de noodverordening COVID-19. Zie verder Sluiting horecagelegenheden na overtreden noodverordening;;;
19-11-2020 16:17;Snel een test bij de GGD;De locaties waar je een commerciële sneltest kunt laten doen, poppen als paddenstoelen uit de grond. Ook in onze regio. Dat is fijn, omdat sneltesten kunnen helpen bij de bestrijding van het coronavirus. Maar er kleven ook bezwaren aan. Want er is nog veel onduidelijk over de aangeboden sneltesten. En u moet ervoor betalen. Bij de locaties van de GGD Amsterdam kunt u gratis een betrouwbare test laten doen en omdat er momenteel geen wachttijd is kunt u er dezelfde dag al terecht. En binnenkort kan dat ook voor een sneltest.;;;Meer over testen
21-08-2020 18:19;Sneller een boete vanwege niet dragen van mondkapje in 5 drukke gebieden Amsterdam;Vanaf zaterdag 22 augustus wordt strenger gehandhaafd op het niet dragen van een mondkapje in de 5 drukke gebieden die eerder zijn aangewezen. Handhavers en politieagenten delen sneller de boete van € 95,- uit. Het dragen van een mondkapje op deze plekken waar moeilijk 1,5 meter afstand kan worden gehouden is noodzakelijker geworden vanwege het fors stijgend aantal coronabesmettingen in Amsterdam.;;;Sinds woensdag 5 augustus 9.00 uur is het voor iedereen vanaf 13 jaar in delen van de stad verplicht om een niet-medisch mondkapje te dragen. Het gaat om gebieden waar het krap en druk is en waar andere maatregelen leiden tot ongewenste economische effecten voor ondernemers, zoals eerder sluiten of verkeersbeperkingen.De mondkapjesverplichting is een experiment tot 31 augustus en komt niet in de plaats van de 1,5 meter regel. Er zijn hosts en informatieborden aanwezig om voorbijgangers op de verplichting te wijzen. Meer informatie en de exacte locaties
11-04-2020 16:18;Speeltuinen in Amstelveen;Vrijdag 10 april vermeldden wij dat speeltuinen in Amstelveen zijn gesloten. Deze speeltuinen zijn op zaterdag 11 april weer geopend.;;;
14-12-2020 19:28;Strenge lockdown tot 19 januari;Vanwege het oplopend aantal coronabesmettingen en ziekenhuisopnames heeft het kabinet op 14 december besloten tot zeer strenge maatregelen. Zo gaan bijvoorbeeld niet-essentiële winkels, musea en bioscopen dicht met ingang van dinsdag 15 december. De scholen sluiten vanaf woensdag 16 december. Alleen winkels voor eerste levensbehoeften zoals supermarkten, groentewinkels, bakkers en slagers blijven open. De maatregelen gelden in elk geval tot dinsdag 19 januari. De regels zijn erop gericht om contacten zoveel mogelijk te voorkomen en zo verspreiding van het virus tegen te gaan.;https://www.amsterdam.nl/nieuws/nieuwsoverzicht/zeer-strenge-maatregelen/;Zeer strenge maatregelen tot 19 januari;
23-04-2020 17:17;Studenten en coronamaatregelen;Iedereen moet zich houden aan de coronamaatregelen. Hoe kun je deze regels toepassen als bewoner van een studentenhuis? Achter de voordeur handhaven we niet, tenzij er Coronafeestjes worden gehouden. Studenten worden niet als gezamelijke huishouding gezien en dus gelden buiten de normale regels: niet meer dan 2 personen bij elkaar en 1,5 meter afstand houden. We hebben de meest gestelde vragen over studenten en coronamaatregelen op een rijtje gezet.;;;
16-12-2020 11:36;Supermarkten langer open in aanloop naar kerst;Supermarkten groter dan 300 m2 en verswinkels mogen op 21, 22 en 23 december open blijven tussen 22.00 en 24.00 uur, en op kerstavond tussen 19.00 en 22.00 uur. Met de verruiming van de openingstijden kan de verwachte drukte worden gespreid, waardoor klanten zo veilig mogelijk inkopen voor de kerstdagen kunnen doen. De verkoop van alcohol is na 20.00 uur niet toegestaan.;;;
21-08-2020 16:45;Supperclub Cruise gesloten;Op last van de voorzitter van de Veiligheidsregio Amsterdam-Amstelland wordt nog een horecagelegenheid gesloten op grond van de noodverordening COVID-19. Het gaat om de Supperclub Cruise.;;;De Supperclub heeft een zogenoemde last onder dwangsom gekregen (in plaats van bestuursdwang) omdat het om een boot gaat. Er is geconstateerd dat de horecagelegenheid de noodverordening overtrad en onder andere geen maatregelen getroffen had om aanwezigen voldoende afstand te laten houden. De komende vier weken mag er geen evenement op de boot worden georganiseerd op straffe van een dwangsom van € 250.000,-
28-08-2020 17:00;Tijdelijk verkoopverbod van alcohol voor detailhandel, cafetaria’s en slijterijen. Verlengd tot 1 november 2020;De Nieuwe Hoogstraat is toegevoegd aan het gebied en er gelden voor slijterijen beperkingen op het verstrekken van sterk alcoholische drank.Meer informatie: Tijdelijk verkoopverbod van alcohol voor detailhandel, cafetaria’s en slijterijen. Verlengd tot 1 november 2020;;;
28-08-2020 17:00;Tijdelijke verlenging verbod straatartiesten en muzikanten. Verlengd tot 1 november 2020;Het verbod geldt voor stadsdeel Centrum, en het gebied Museumplein en omgeving. Het belang van de betreffende artiesten bij het optreden wordt vanzelfsprekend erkend, maar het belang van de bescherming van de volksgezondheid weegt zwaarder. Meer informatie: Tijdelijke verlenging verbod straatartiesten en muzikanten. Verlengd tot 1 november 2020;;;
30-04-2020 18:46;Vaarverbod Amsterdamse grachten opnieuw verlengd;Het vaarverbod voor de grachten in het centrum is voor de komende weekenden en feestdagen opnieuw verlengd. Het verbod geldt in de weekenden van 2 en 3, 9 en 10, 16 en 17 mei en op 4 en 5 mei. De grachten zijn afgesloten voor zowel de pleziervaart als de passagiersvaart. De beroepsvaart is uitgezonderd. Daarnaast blijft de dringende oproep gelden om zoveel mogelijk thuis te blijven, en niet te recreëren.;;;Meer over het vaarverbod
16-04-2020 18:55;Vaarverbod Amsterdamse grachten verlengd;In de weekenden van 18 en 19 april en 25 en 26 april, en op Koningsdag (27 april) geldt een vaarverbod in het hele centrum van Amsterdam. Het verbod geldt voor de pleziervaart en de passagiersvaart. De beroepsvaart is uitgezonderd. Daarnaast blijft de dringende oproep gelden om zoveel mogelijk thuis te blijven, en niet te recreëren.;;;Meer over deze maatregel
14-05-2020 16:51;Vaarverbod centrum opgeheven;In het kader van de langzame versoepeling van de coronamaatregelen wordt het vaarverbod in het weekend per direct opgeheven. De reguliere bediening van sluizen en bruggen wordt op 21 mei hervat.;;;Als u niet tot hetzelfde huishouden behoort, mogen er nog steeds maximaal 2 personen aan boord, inclusief schipper. De gemeente en politie blijven monitoren. Houd 1,5 meter afstand. En houd rekening met elkaar.Check voordat u gaat varen de VaarWater app en www.vaarweginformatie.nl.
04-04-2020 14:09;Vaarverbod zondag 5 april;Op zondag 5 april geldt in Amsterdam een vaarverbod in het centrum van de stad, dat wil zeggen het gebied binnen de Singelgracht, inclusief grachtengordel, Amstel en het Wallengebied. We hebben de meestgestelde vragen over het vaarverbod voor u op een rijtje gezet.;;;
27-05-2020 18:49;Testen voor iedereen met milde klachten;Iedereen met milde klachten die kunnen duiden op het coronavirus kan zich vanaf 1 juni laten testen bij de GGD. U kunt hiervoor via een landelijk telefoonnummer een afspraak maken. In heel Nederland is het aantal testlocaties van de GGD’en uitgebreid tot ruim 80.;;;Is er sprake van een besmetting met het coronavirus dan start de GGD een bron- en contactonderzoek. Naast testen en traceren, blijven ook na 1 juni het opvolgen van de hygiënemaatregelen en de 1,5 meter afstandsregel voor iedereen van groot belang.Lees alle informatie op rijksoverheid.nl.Heeft u milde klachten en wilt u zich laten testen? Kijk dan maandagochtend 1 juni vanaf 8 uur op de website van de Rijksoverheid. Daar wordt het landelijke telefoonnummer bekend gemaakt waarmee u een afspraak kunt maken bij een testlocatie in de buurt.
14-08-2020 15:30;Vastgestelde coronabesmettingen per stadsdeel;Het aantal besmettingen in de veiligheidsregio Amsterdam-Amstelland loopt sinds eind juli fors op. Net als in andere steden zijn in Amsterdam tussen de stadsdelen grote verschillen te zien in het aantal in het aantal positief geteste personen.;https://www.amsterdam.nl/nieuws/nieuwsoverzicht/coronabesmettingen-stadsdelen/;Hier vindt u het overzicht van de nieuw vastgestelde coronabesmettingen per stadsdeel;We updaten de cijfers wekelijks.
03-04-2020 16:53;Veelgestelde vragen noodverordening;Veelgestelde vragen bij de noodverordening COVID-19 veiligheidsregio Amsterdam-Amstelland.;;;
02-12-2020 12:41;Verbod op carbidschieten;Er geldt dit jaar een landelijk verbod op het afsteken en verkopen van vuurwerk. Carbidschieten valt niet onder vuurwerk. Maar om te voorkomen dat er gevaarlijke situaties en (geluids)overlast ontstaan, wil het college van B en W een verbod op carbidschieten opnemen in de plaatselijke APV (Algemene Plaatselijke Verordening). De gemeenteraad besluit hier op 16 december over.;;;
14-08-2020 09:50;Verbod voor bootjes bij Park Somerlust en Weesperzijde;De voorzitter van de veiligheidsregio heeft op basis van de noodverordening delen van het water ter hoogte van Park Somerlust en de Weesperzijde tot verboden gebied verklaard voor bootjes. Dit besluit is genomen naar aanleiding van de grote hoeveelheid bootjes die zich op deze plekken verzamelen en de constatering dat tussen en op deze bootjes te weinig afstand wordt gehouden. Het verboden gebied wordt gemarkeerd met een ballenlijn in het water. Bij overtreding worden direct boetes uitgedeeld. Het verbod geldt tot en met 30 september. Download hier het besluit;;;
30-06-2020 10:54;Verboden toegang tot deel Oosterpark op woensdag 1 juli;Op woensdag 1 juli wordt de afschaffing van de trans-Atlantische slavernij herdacht met een manifestatie van NiNsee (Nationaal instituut Nederlands slavernijverleden en erfenis) bij het Nationaal Monument Slavernijverleden in het Oosterpark. NinSee wil deze manifestatie met een beperkt aantal deelnemers en zonder publiek houden. Zo kan de 1,5 meter afstand tussen de aanwezigen gewaarborgd worden. Tussen 11.00 en 15.00 uur is een deel van het Oosterpark daarom verboden gebied (PDF, 131 kB).;;;
13-03-2020 16:41;Vergaderingen gemeenteraad gaan niet door;Tot 1 april gaan de vergaderingen van de gemeenteraad niet door. Punten die echt niet kunnen wachten, worden besproken in commissievergaderingen Algemene Zaken die wel doorgaan op 19 en 26 maart. Deze vergaderingen zijn niet publiek toegankelijk. Ook niet voor insprekers. Wel zenden we de vergaderingen zoals altijd uit via onze website.;;;
09-05-2020 11:37;Versoepeling coronamaatregelen per 11 mei;Op 6 mei kondigde het kabinet een stapsgewijze versoepeling van de coronamaatregelen aan. Daarmee zijn we in een nieuwe fase van de coronacrisis terecht gekomen. Vanaf maandag 11 mei gaat Amsterdam weer langzaam open. De aanpassingen zijn opgenomen in de nieuwe noodverordening van de Veiligheidsregio Amsterdam-Amstelland.;;;In deze nieuwe fase moeten we ons aan een paar eenvoudige basisregels houden: houd altijd 1,5 meter afstand en vermijd drukte. Blijf thuis als je verkoudheidsklachten hebt, en als je benauwd bent of koorts hebt, blijven ook je huisgenoten thuis. Was regelmatig je handen.Dat de stad steeds meer open gaat, betekent ook dat het overal weer drukker wordt. Daarvoor worden maatregelen genomen in de openbare ruimte, maar het vraagt ook iets van inwoners zelf. Zoek de drukte niet op en als u ergens bent waar het te druk is, kies er dan voor om op een later, rustiger moment terug te komen. Geef elkaar zoveel mogelijk de ruimte, werk thuis en gebruik alleen voor strikt noodzakelijke ritten het openbaar vervoer.Alleen als we ons allemaal aan deze regels houden, geven we het coronavirus geen nieuwe kans, en kunnen we de komende tijd steeds meer beperkende maatregelen schrappen.In aanvulling op de eerder bekend gemaakte versoepelingen voor kinderen en jongeren (school en sport) gelden vanaf 11 mei de volgende aanpassingen:Als de maatregel om 1,5 meter afstand te houden niet goed wordt nageleefd of niet goed na te leven is, kunnen deze voorzieningen weer worden gesloten.Buiten sporten is voor personen van 19 jaar en ouder weer toegestaan, ook in teamverband, maar wel op 1,5 meter afstand. Net als voor kinderen en jongeren geldt dat zij nog geen wedstrijden mogen organiseren, niet aan wedstrijden mogen deelnemen en geen gebruik mogen maken van gemeenschappelijke was- en douchevoorzieningen.Naast de Cruyff Courts, die al open waren, gaan ook de voetbalkooien weer open. Georganiseerde buitenactiviteiten voor kinderen en jongeren tot en met 18 jaar van scouting-, cultuur-, kunst-, en andere jeugdverenigingen mogen ook weer plaatsvinden. Voor jongeren van 13 tot en met 18 jaar geldt hierbij: met 1,5 meter afstand.De voornemens van het Rijk voor verdere versoepeling van de coronamaatregelen vanaf 1 juni vindt u op de website van de Rijksoverheid.
16-11-2020 12:07;Vier Sinterklaas binnen en in kleine kring;De Sint en zijn pieten zijn weer in het land! We kunnen niet wachten om Sinterklaas te vieren, maar we zitten nog steeds op het hoogste risiconiveau. Ook Sinterklaas vieren we dit jaar daarom helaas anders. Om verdere verspreiding van het coronavirus te voorkomen is het niet toegestaan om Sinterklaasvieringen in de openbare ruimte te organiseren waar bezoekers op afkomen.;https://www.amsterdam.nl/ondernemen/nieuws/vier-sinterklaas-binnen-kleine-kring/;Meer over Sinterklaas vieren;
23-09-2020 09:14;Voortgangsbrief COVID-19 Amsterdam-Amstelland 21 september;Iedere 2 weken verstuurt de voorzitter van de Veiligheidsregio Amsterdam-Amstelland (VrAA) een update aan de colleges van burgemeester en wethouders. Daarin wordt de voortgang in de aanpak tegen COVID-19 uiteengezet.;;;
04-09-2020 17:42;Voortgangsbrief COVID-19 Veiligheidsregio Amsterdam-Amstelland;Iedere twee weken verstuurt de voorzitter van de Veiligheidsregio Amsterdam-Amstelland (VrAA) een update aan de colleges van burgemeester en wethouders. Daarin wordt de voortgang in de aanpak tegen COVID-19 uiteengezet. De brieven zijn via het liveblog te raadplegen.;;;De brief van 4 september 2020 bestaat uit drie delen:Naar: Voortgangsbrief COVID-19 Veiligheidsregio Amsterdam-Amstelland
17-11-2020 19:30;Voorzichtige versoepeling laatste maatregelen;In de persconferentie van dinsdag 17 november heeft het kabinet aanpassingen in de coronamaatregelen aangekondigd. Vanaf donderdag 19 november kunnen onder meer musea, theaters, zwembaden en pretparken na een sluiting van 2 weken weer open. Tegelijk blijft de gedeeltelijke lockdown in stand. Begin december beslist het kabinet of de maatregelen verder kunnen worden aangepast.;https://www.amsterdam.nl/nieuws/nieuwsoverzicht/aanpassingen-coronamaatregelen/;Aanpassingen coronamaatregelen;
15-05-2020 16:35;Waar moet u wanneer níet zijn?;Amsterdammers, we vragen uw medewerking! Het wordt weer drukker in de stad. De hoofdboodschap: zoek de drukte niet op. Als u ergens aankomt waar veel mensen zijn, kom dan terug op een rustiger moment. We hebben voor u op een rij gezet wanneer het extra druk is in de stad en wanneer.;;;
27-03-2020 15:18;Weekend: blijf zoveel mogelijk thuis!;Het weekend komt eraan, hoe je het ook wendt of keert. Ondanks het heerlijke weer, roepen wij u op om zoveel mogelijk thuis te blijven.;;;We begrijpen dat u er in het weekend graag op uit wilt gaan, maar om het besmettingsgevaar zo klein mogelijk te houden vragen wij u toch om zoveel mogelijk binnen te blijven. Ga alleen naar buiten voor een boodschap, even een frisse neus halen, maar vermijd drukke plekken zoals parken en pleinen. Gun elkaar de ruimte, ga niet in een groep (3 personen of meer) en houd 1,5 meter afstand.Houd u aan regels. Zo voorkomt u dat u een boete krijgt.
07-03-2020 15:16;Zesde besmetting in regio Amsterdam;In de regio Amsterdam is er vandaag een zesde besmetting bijgekomen. Het gaat om een persoon uit Amsterdam die in een risicogebied is geweest. De persoon is preventief thuisgebleven en heeft daarom weinig contact gehad met anderen. De persoon verblijft nu in thuisisolatie en de GGD heeft het contactonderzoek afgerond.;;;
15-04-2020 17:00;Zorgverleners kunnen met AOV naar werk;Zorgverleners die in de corona crisisbestrijding werken, kunnen vanaf nu gebruikmaken van het zogeheten aanvullend openbaar vervoer (AOV) om op hun werk te komen.;;;Meer over deze maatregel
13-05-2020 10:26;Zwembaden weer open;De door de gemeente beheerde binnen- en buitenzwembaden gaan weer open. Maar let op: er mag een beperkt aantal mensen naar binnen. U moet daarom een plekje reserveren. En er gelden regels waar u zich aan moet houden.;;;Meer over de opening van de zwembaden
06-08-2020 16:21;Zwemmen en zonnen op een rustige plek;Na een paar weken is hij terug van weggeweest: de zomerhitte. De mensen willen koelen en bakken. U bent natuurlijk die verstandige Amsterdammer die naar een plek gaat waar niet veel mensen zijn. Zodat u met gemak 1,5 meter afstand kunt houden. Voor degenen die maar moeilijk afstand nemen van hun favoriete koel- en bakstek: wij nemen weer maatregelen om de drukte te spreiden. Meer op Zwemmen en zonnen doe je op een rustige plek;;;